JXNU/word_embedding+RNN	1	0.212360	459
JXNU/word_embedding+RNN	2	0.129034	190
JXNU/word_embedding+RNN	3	0.305454	783
JXNU/word_embedding+RNN	4	0.387580	975
JXNU/word_embedding+RNN	5	0.219198	480
JXNU/word_embedding+RNN	6	0.190909	375
JXNU/word_embedding+RNN	7	0.173754	322
JXNU/word_embedding+RNN	8	0.118221	159
JXNU/word_embedding+RNN	9	0.276844	675
JXNU/word_embedding+RNN	10	0.193343	388
JXNU/word_embedding+RNN	11	0.362846	947
JXNU/word_embedding+RNN	12	0.301602	768
JXNU/word_embedding+RNN	13	0.284200	705
JXNU/word_embedding+RNN	14	0.346510	919
JXNU/word_embedding+RNN	15	0.160005	283
JXNU/word_embedding+RNN	16	0.072934	61
JXNU/word_embedding+RNN	17	0.143139	234
JXNU/word_embedding+RNN	18	0.346702	920
JXNU/word_embedding+RNN	19	0.170384	309
JXNU/word_embedding+RNN	20	0.369382	954
JXNU/word_embedding+RNN	21	0.283785	704
JXNU/word_embedding+RNN	22	0.346361	918
JXNU/word_embedding+RNN	23	0.027194	3
JXNU/word_embedding+RNN	24	0.260535	627
JXNU/word_embedding+RNN	25	0.121426	166
JXNU/word_embedding+RNN	26	0.228662	516
JXNU/word_embedding+RNN	27	0.186465	358
JXNU/word_embedding+RNN	28	0.110859	139
JXNU/word_embedding+RNN	29	0.187824	363
JXNU/word_embedding+RNN	30	0.364834	950
JXNU/word_embedding+RNN	31	0.339874	895
JXNU/word_embedding+RNN	32	0.159782	282
JXNU/word_embedding+RNN	33	0.200871	418
JXNU/word_embedding+RNN	34	0.078824	74
JXNU/word_embedding+RNN	35	0.106067	128
JXNU/word_embedding+RNN	36	0.259673	625
JXNU/word_embedding+RNN	37	0.102038	116
JXNU/word_embedding+RNN	38	0.063921	47
JXNU/word_embedding+RNN	39	0.245969	574
JXNU/word_embedding+RNN	40	0.200424	416
JXNU/word_embedding+RNN	41	0.241303	557
JXNU/word_embedding+RNN	42	0.173847	323
JXNU/word_embedding+RNN	43	0.142127	229
JXNU/word_embedding+RNN	44	0.183327	348
JXNU/word_embedding+RNN	45	0.231036	525
JXNU/word_embedding+RNN	46	0.193222	387
JXNU/word_embedding+RNN	47	0.139241	221
JXNU/word_embedding+RNN	48	0.372971	957
JXNU/word_embedding+RNN	49	0.152686	259
JXNU/word_embedding+RNN	50	0.261034	630
JXNU/word_embedding+RNN	51	0.253947	613
JXNU/word_embedding+RNN	52	0.220733	485
JXNU/word_embedding+RNN	53	0.290726	724
JXNU/word_embedding+RNN	54	0.143148	235
JXNU/word_embedding+RNN	55	0.190792	374
JXNU/word_embedding+RNN	56	0.264237	635
JXNU/word_embedding+RNN	57	0.345239	910
JXNU/word_embedding+RNN	58	0.116835	155
JXNU/word_embedding+RNN	59	0.245938	573
JXNU/word_embedding+RNN	60	0.091229	93
JXNU/word_embedding+RNN	61	0.090648	92
JXNU/word_embedding+RNN	62	0.098431	111
JXNU/word_embedding+RNN	63	0.057693	38
JXNU/word_embedding+RNN	64	0.297638	753
JXNU/word_embedding+RNN	65	0.318130	828
JXNU/word_embedding+RNN	66	0.273883	664
JXNU/word_embedding+RNN	67	0.301720	770
JXNU/word_embedding+RNN	68	0.093254	100
JXNU/word_embedding+RNN	69	0.151992	255
JXNU/word_embedding+RNN	70	0.252075	610
JXNU/word_embedding+RNN	71	0.123535	171
JXNU/word_embedding+RNN	72	0.196469	395
JXNU/word_embedding+RNN	73	0.248128	588
JXNU/word_embedding+RNN	74	0.188292	366
JXNU/word_embedding+RNN	75	0.186648	359
JXNU/word_embedding+RNN	76	0.382823	968
JXNU/word_embedding+RNN	77	0.336785	887
JXNU/word_embedding+RNN	78	0.330296	872
JXNU/word_embedding+RNN	79	0.328161	859
JXNU/word_embedding+RNN	80	0.135651	209
JXNU/word_embedding+RNN	81	0.181328	344
JXNU/word_embedding+RNN	82	0.279757	682
JXNU/word_embedding+RNN	83	0.362987	948
JXNU/word_embedding+RNN	84	0.187983	365
JXNU/word_embedding+RNN	85	0.267750	648
JXNU/word_embedding+RNN	86	0.240900	554
JXNU/word_embedding+RNN	87	0.161482	287
JXNU/word_embedding+RNN	88	0.355098	930
JXNU/word_embedding+RNN	89	0.199841	410
JXNU/word_embedding+RNN	90	0.294051	742
JXNU/word_embedding+RNN	91	0.326150	856
JXNU/word_embedding+RNN	92	0.266899	641
JXNU/word_embedding+RNN	93	0.189991	371
JXNU/word_embedding+RNN	94	0.328553	861
JXNU/word_embedding+RNN	95	0.239075	545
JXNU/word_embedding+RNN	96	0.173735	321
JXNU/word_embedding+RNN	97	0.315594	816
JXNU/word_embedding+RNN	98	0.096135	107
JXNU/word_embedding+RNN	99	0.315228	814
JXNU/word_embedding+RNN	100	0.109774	135
JXNU/word_embedding+RNN	101	0.197347	399
JXNU/word_embedding+RNN	102	0.169853	306
JXNU/word_embedding+RNN	103	0.130418	193
JXNU/word_embedding+RNN	104	0.281399	695
JXNU/word_embedding+RNN	105	0.239659	548
JXNU/word_embedding+RNN	106	0.085193	80
JXNU/word_embedding+RNN	107	0.085511	83
JXNU/word_embedding+RNN	108	0.233554	531
JXNU/word_embedding+RNN	109	0.177160	332
JXNU/word_embedding+RNN	110	0.136546	212
JXNU/word_embedding+RNN	111	0.194413	390
JXNU/word_embedding+RNN	112	0.249874	596
JXNU/word_embedding+RNN	113	0.139333	222
JXNU/word_embedding+RNN	114	0.088797	88
JXNU/word_embedding+RNN	115	0.135058	207
JXNU/word_embedding+RNN	116	0.076484	69
JXNU/word_embedding+RNN	117	0.069209	52
JXNU/word_embedding+RNN	118	0.264557	636
JXNU/word_embedding+RNN	119	0.203022	425
JXNU/word_embedding+RNN	120	0.166037	300
JXNU/word_embedding+RNN	121	0.224296	504
JXNU/word_embedding+RNN	122	0.329403	863
JXNU/word_embedding+RNN	123	0.270939	654
JXNU/word_embedding+RNN	124	0.296000	747
JXNU/word_embedding+RNN	125	0.194145	389
JXNU/word_embedding+RNN	126	0.299028	760
JXNU/word_embedding+RNN	127	0.273766	662
JXNU/word_embedding+RNN	128	0.297315	751
JXNU/word_embedding+RNN	129	0.140654	226
JXNU/word_embedding+RNN	130	0.244315	563
JXNU/word_embedding+RNN	131	0.324209	850
JXNU/word_embedding+RNN	132	0.426760	999
JXNU/word_embedding+RNN	133	0.172765	316
JXNU/word_embedding+RNN	134	0.349745	923
JXNU/word_embedding+RNN	135	0.191488	377
JXNU/word_embedding+RNN	136	0.077314	70
JXNU/word_embedding+RNN	137	0.310704	799
JXNU/word_embedding+RNN	138	0.345396	911
JXNU/word_embedding+RNN	139	0.393564	987
JXNU/word_embedding+RNN	140	0.310101	798
JXNU/word_embedding+RNN	141	0.356159	931
JXNU/word_embedding+RNN	142	0.104743	122
JXNU/word_embedding+RNN	143	0.092537	98
JXNU/word_embedding+RNN	144	0.229694	519
JXNU/word_embedding+RNN	145	0.203284	428
JXNU/word_embedding+RNN	146	0.263511	634
JXNU/word_embedding+RNN	147	0.199900	412
JXNU/word_embedding+RNN	148	0.169190	305
JXNU/word_embedding+RNN	149	0.170954	311
JXNU/word_embedding+RNN	150	0.303071	778
JXNU/word_embedding+RNN	151	0.371646	955
JXNU/word_embedding+RNN	152	0.346970	921
JXNU/word_embedding+RNN	153	0.160413	284
JXNU/word_embedding+RNN	154	0.312041	805
JXNU/word_embedding+RNN	155	0.186908	360
JXNU/word_embedding+RNN	156	0.125659	178
JXNU/word_embedding+RNN	157	0.187914	364
JXNU/word_embedding+RNN	158	0.232921	530
JXNU/word_embedding+RNN	159	0.249622	595
JXNU/word_embedding+RNN	160	0.107422	129
JXNU/word_embedding+RNN	161	0.246957	577
JXNU/word_embedding+RNN	162	0.254928	614
JXNU/word_embedding+RNN	163	0.210717	452
JXNU/word_embedding+RNN	164	0.173382	319
JXNU/word_embedding+RNN	165	0.150121	249
JXNU/word_embedding+RNN	166	0.325295	853
JXNU/word_embedding+RNN	167	0.074034	66
JXNU/word_embedding+RNN	168	0.315354	815
JXNU/word_embedding+RNN	169	0.340052	897
JXNU/word_embedding+RNN	170	0.037797	11
JXNU/word_embedding+RNN	171	0.238326	543
JXNU/word_embedding+RNN	172	0.302783	776
JXNU/word_embedding+RNN	173	0.329711	867
JXNU/word_embedding+RNN	174	0.070031	54
JXNU/word_embedding+RNN	175	0.071202	58
JXNU/word_embedding+RNN	176	0.210307	450
JXNU/word_embedding+RNN	177	0.126368	183
JXNU/word_embedding+RNN	178	0.156662	275
JXNU/word_embedding+RNN	179	0.182644	347
JXNU/word_embedding+RNN	180	0.288759	718
JXNU/word_embedding+RNN	181	0.115980	154
JXNU/word_embedding+RNN	182	0.313429	808
JXNU/word_embedding+RNN	183	0.230067	520
JXNU/word_embedding+RNN	184	0.052949	25
JXNU/word_embedding+RNN	185	0.131864	199
JXNU/word_embedding+RNN	186	0.270703	653
JXNU/word_embedding+RNN	187	0.062859	46
JXNU/word_embedding+RNN	188	0.103628	120
JXNU/word_embedding+RNN	189	0.316521	820
JXNU/word_embedding+RNN	190	0.204319	432
JXNU/word_embedding+RNN	191	0.148580	246
JXNU/word_embedding+RNN	192	0.198865	406
JXNU/word_embedding+RNN	193	0.247658	581
JXNU/word_embedding+RNN	194	0.318652	831
JXNU/word_embedding+RNN	195	0.380012	964
JXNU/word_embedding+RNN	196	0.083208	78
JXNU/word_embedding+RNN	197	0.340990	899
JXNU/word_embedding+RNN	198	0.279898	685
JXNU/word_embedding+RNN	199	0.245933	572
JXNU/word_embedding+RNN	200	0.251554	606
JXNU/word_embedding+RNN	201	0.217966	477
JXNU/word_embedding+RNN	202	0.166096	301
JXNU/word_embedding+RNN	203	0.198014	402
JXNU/word_embedding+RNN	204	0.247751	583
JXNU/word_embedding+RNN	205	0.329698	866
JXNU/word_embedding+RNN	206	0.279896	684
JXNU/word_embedding+RNN	207	0.074390	68
JXNU/word_embedding+RNN	208	0.041715	12
JXNU/word_embedding+RNN	209	0.154704	265
JXNU/word_embedding+RNN	210	0.220576	484
JXNU/word_embedding+RNN	211	0.130233	192
JXNU/word_embedding+RNN	212	0.162537	291
JXNU/word_embedding+RNN	213	0.225701	507
JXNU/word_embedding+RNN	214	0.132286	201
JXNU/word_embedding+RNN	215	0.321441	839
JXNU/word_embedding+RNN	216	0.140377	224
JXNU/word_embedding+RNN	217	0.338227	890
JXNU/word_embedding+RNN	218	0.070255	57
JXNU/word_embedding+RNN	219	0.057679	37
JXNU/word_embedding+RNN	220	0.166365	302
JXNU/word_embedding+RNN	221	0.293758	739
JXNU/word_embedding+RNN	222	0.125478	176
JXNU/word_embedding+RNN	223	0.303000	777
JXNU/word_embedding+RNN	224	0.135870	210
JXNU/word_embedding+RNN	225	0.104924	125
JXNU/word_embedding+RNN	226	0.157130	276
JXNU/word_embedding+RNN	227	0.316894	821
JXNU/word_embedding+RNN	228	0.224457	505
JXNU/word_embedding+RNN	229	0.189232	369
JXNU/word_embedding+RNN	230	0.268756	650
JXNU/word_embedding+RNN	231	0.193153	386
JXNU/word_embedding+RNN	232	0.216038	472
JXNU/word_embedding+RNN	233	0.036652	9
JXNU/word_embedding+RNN	234	0.223810	502
JXNU/word_embedding+RNN	235	0.394302	988
JXNU/word_embedding+RNN	236	0.096192	108
JXNU/word_embedding+RNN	237	0.225482	506
JXNU/word_embedding+RNN	238	0.153221	264
JXNU/word_embedding+RNN	239	0.192186	380
JXNU/word_embedding+RNN	240	0.384817	973
JXNU/word_embedding+RNN	241	0.140170	223
JXNU/word_embedding+RNN	242	0.242663	559
JXNU/word_embedding+RNN	243	0.306631	790
JXNU/word_embedding+RNN	244	0.300756	766
JXNU/word_embedding+RNN	245	0.136689	213
JXNU/word_embedding+RNN	246	0.239712	549
JXNU/word_embedding+RNN	247	0.275657	670
JXNU/word_embedding+RNN	248	0.132381	202
JXNU/word_embedding+RNN	249	0.266388	638
JXNU/word_embedding+RNN	250	0.243654	561
JXNU/word_embedding+RNN	251	0.178936	338
JXNU/word_embedding+RNN	252	0.315060	813
JXNU/word_embedding+RNN	253	0.356407	934
JXNU/word_embedding+RNN	254	0.361230	941
JXNU/word_embedding+RNN	255	0.187670	362
JXNU/word_embedding+RNN	256	0.140542	225
JXNU/word_embedding+RNN	257	0.321060	838
JXNU/word_embedding+RNN	258	0.230088	521
JXNU/word_embedding+RNN	259	0.248352	591
JXNU/word_embedding+RNN	260	0.198599	405
JXNU/word_embedding+RNN	261	0.172732	315
JXNU/word_embedding+RNN	262	0.118311	160
JXNU/word_embedding+RNN	263	0.181503	345
JXNU/word_embedding+RNN	264	0.268428	649
JXNU/word_embedding+RNN	265	0.291890	734
JXNU/word_embedding+RNN	266	0.289835	720
JXNU/word_embedding+RNN	267	0.058599	39
JXNU/word_embedding+RNN	268	0.252022	608
JXNU/word_embedding+RNN	269	0.356690	935
JXNU/word_embedding+RNN	270	0.069439	53
JXNU/word_embedding+RNN	271	0.389749	983
JXNU/word_embedding+RNN	272	0.203816	430
JXNU/word_embedding+RNN	273	0.200906	419
JXNU/word_embedding+RNN	274	0.329418	864
JXNU/word_embedding+RNN	275	0.306338	788
JXNU/word_embedding+RNN	276	0.333005	879
JXNU/word_embedding+RNN	277	0.111854	144
JXNU/word_embedding+RNN	278	0.281017	693
JXNU/word_embedding+RNN	279	0.120227	163
JXNU/word_embedding+RNN	280	0.245561	571
JXNU/word_embedding+RNN	281	0.156224	271
JXNU/word_embedding+RNN	282	0.163852	294
JXNU/word_embedding+RNN	283	0.055168	30
JXNU/word_embedding+RNN	284	0.088591	86
JXNU/word_embedding+RNN	285	0.174366	325
JXNU/word_embedding+RNN	286	0.372824	956
JXNU/word_embedding+RNN	287	0.415340	996
JXNU/word_embedding+RNN	288	0.106024	127
JXNU/word_embedding+RNN	289	0.336448	885
JXNU/word_embedding+RNN	290	0.341626	903
JXNU/word_embedding+RNN	291	0.109343	132
JXNU/word_embedding+RNN	292	0.208567	446
JXNU/word_embedding+RNN	293	0.219693	481
JXNU/word_embedding+RNN	294	0.226893	511
JXNU/word_embedding+RNN	295	0.283763	702
JXNU/word_embedding+RNN	296	0.389035	981
JXNU/word_embedding+RNN	297	0.358483	937
JXNU/word_embedding+RNN	298	0.199393	409
JXNU/word_embedding+RNN	299	0.331290	874
JXNU/word_embedding+RNN	300	0.304076	779
JXNU/word_embedding+RNN	301	0.164136	295
JXNU/word_embedding+RNN	302	0.250385	597
JXNU/word_embedding+RNN	303	0.128295	187
JXNU/word_embedding+RNN	304	0.110317	137
JXNU/word_embedding+RNN	305	0.300365	765
JXNU/word_embedding+RNN	306	0.297935	754
JXNU/word_embedding+RNN	307	0.188675	367
JXNU/word_embedding+RNN	308	0.147738	244
JXNU/word_embedding+RNN	309	0.293627	738
JXNU/word_embedding+RNN	310	0.324261	851
JXNU/word_embedding+RNN	311	0.186445	357
JXNU/word_embedding+RNN	312	0.286021	710
JXNU/word_embedding+RNN	313	0.322032	843
JXNU/word_embedding+RNN	314	0.278064	679
JXNU/word_embedding+RNN	315	0.183932	351
JXNU/word_embedding+RNN	316	0.277678	678
JXNU/word_embedding+RNN	317	0.260853	629
JXNU/word_embedding+RNN	318	0.248135	589
JXNU/word_embedding+RNN	319	0.162386	290
JXNU/word_embedding+RNN	320	0.118121	158
JXNU/word_embedding+RNN	321	0.261075	631
JXNU/word_embedding+RNN	322	0.312467	806
JXNU/word_embedding+RNN	323	0.280220	688
JXNU/word_embedding+RNN	324	0.343495	908
JXNU/word_embedding+RNN	325	0.247688	582
JXNU/word_embedding+RNN	326	0.291180	727
JXNU/word_embedding+RNN	327	0.228097	513
JXNU/word_embedding+RNN	328	0.144014	238
JXNU/word_embedding+RNN	329	0.195729	393
JXNU/word_embedding+RNN	330	0.072006	59
JXNU/word_embedding+RNN	331	0.179864	341
JXNU/word_embedding+RNN	332	0.323932	849
JXNU/word_embedding+RNN	333	0.113604	149
JXNU/word_embedding+RNN	334	0.273308	659
JXNU/word_embedding+RNN	335	0.131281	197
JXNU/word_embedding+RNN	336	0.339716	893
JXNU/word_embedding+RNN	337	0.367497	953
JXNU/word_embedding+RNN	338	0.319843	836
JXNU/word_embedding+RNN	339	0.361166	940
JXNU/word_embedding+RNN	340	0.262356	632
JXNU/word_embedding+RNN	341	0.244915	568
JXNU/word_embedding+RNN	342	0.236055	536
JXNU/word_embedding+RNN	343	0.220341	483
JXNU/word_embedding+RNN	344	0.341004	900
JXNU/word_embedding+RNN	345	0.285919	709
JXNU/word_embedding+RNN	346	0.191908	379
JXNU/word_embedding+RNN	347	0.087836	85
JXNU/word_embedding+RNN	348	0.126178	180
JXNU/word_embedding+RNN	349	0.342603	904
JXNU/word_embedding+RNN	350	0.150501	251
JXNU/word_embedding+RNN	351	0.058701	40
JXNU/word_embedding+RNN	352	0.121634	167
JXNU/word_embedding+RNN	353	0.306122	787
JXNU/word_embedding+RNN	354	0.203128	426
JXNU/word_embedding+RNN	355	0.262577	633
JXNU/word_embedding+RNN	356	0.217024	476
JXNU/word_embedding+RNN	357	0.132150	200
JXNU/word_embedding+RNN	358	0.232191	528
JXNU/word_embedding+RNN	359	0.239985	552
JXNU/word_embedding+RNN	360	0.341196	901
JXNU/word_embedding+RNN	361	0.160930	286
JXNU/word_embedding+RNN	362	0.362823	946
JXNU/word_embedding+RNN	363	0.185307	353
JXNU/word_embedding+RNN	364	0.375950	961
JXNU/word_embedding+RNN	365	0.150713	252
JXNU/word_embedding+RNN	366	0.249380	593
JXNU/word_embedding+RNN	367	0.244377	564
JXNU/word_embedding+RNN	368	0.123990	172
JXNU/word_embedding+RNN	369	0.134366	205
JXNU/word_embedding+RNN	370	0.138765	219
JXNU/word_embedding+RNN	371	0.256980	620
JXNU/word_embedding+RNN	372	0.267649	647
JXNU/word_embedding+RNN	373	0.283703	701
JXNU/word_embedding+RNN	374	0.157904	278
JXNU/word_embedding+RNN	375	0.053213	26
JXNU/word_embedding+RNN	376	0.123177	169
JXNU/word_embedding+RNN	377	0.223180	498
JXNU/word_embedding+RNN	378	0.205600	435
JXNU/word_embedding+RNN	379	0.241095	555
JXNU/word_embedding+RNN	380	0.146681	242
JXNU/word_embedding+RNN	381	0.222592	491
JXNU/word_embedding+RNN	382	0.157552	277
JXNU/word_embedding+RNN	383	0.070051	55
JXNU/word_embedding+RNN	384	0.311280	802
JXNU/word_embedding+RNN	385	0.315830	817
JXNU/word_embedding+RNN	386	0.215233	468
JXNU/word_embedding+RNN	387	0.294859	744
JXNU/word_embedding+RNN	388	0.096895	110
JXNU/word_embedding+RNN	389	0.028249	4
JXNU/word_embedding+RNN	390	0.179550	339
JXNU/word_embedding+RNN	391	0.302738	775
JXNU/word_embedding+RNN	392	0.198508	404
JXNU/word_embedding+RNN	393	0.213544	464
JXNU/word_embedding+RNN	394	0.119277	162
JXNU/word_embedding+RNN	395	0.140741	227
JXNU/word_embedding+RNN	396	0.393398	986
JXNU/word_embedding+RNN	397	0.083253	79
JXNU/word_embedding+RNN	398	0.346026	916
JXNU/word_embedding+RNN	399	0.346358	917
JXNU/word_embedding+RNN	400	0.332545	876
JXNU/word_embedding+RNN	401	0.034346	7
JXNU/word_embedding+RNN	402	0.074121	67
JXNU/word_embedding+RNN	403	0.051616	21
JXNU/word_embedding+RNN	404	0.098772	112
JXNU/word_embedding+RNN	405	0.194637	391
JXNU/word_embedding+RNN	406	0.158023	279
JXNU/word_embedding+RNN	407	0.136001	211
JXNU/word_embedding+RNN	408	0.235710	535
JXNU/word_embedding+RNN	409	0.156468	272
JXNU/word_embedding+RNN	410	0.266574	640
JXNU/word_embedding+RNN	411	0.281436	697
JXNU/word_embedding+RNN	412	0.205752	436
JXNU/word_embedding+RNN	413	0.290718	723
JXNU/word_embedding+RNN	414	0.292300	737
JXNU/word_embedding+RNN	415	0.316114	819
JXNU/word_embedding+RNN	416	0.185596	354
JXNU/word_embedding+RNN	417	0.216338	474
JXNU/word_embedding+RNN	418	0.146393	240
JXNU/word_embedding+RNN	419	0.361652	943
JXNU/word_embedding+RNN	420	0.317427	825
JXNU/word_embedding+RNN	421	0.090559	91
JXNU/word_embedding+RNN	422	0.267615	646
JXNU/word_embedding+RNN	423	0.299087	761
JXNU/word_embedding+RNN	424	0.216222	473
JXNU/word_embedding+RNN	425	0.092392	96
JXNU/word_embedding+RNN	426	0.252511	611
JXNU/word_embedding+RNN	427	0.156608	274
JXNU/word_embedding+RNN	428	0.117946	157
JXNU/word_embedding+RNN	429	0.250423	599
JXNU/word_embedding+RNN	430	0.081399	77
JXNU/word_embedding+RNN	431	0.220207	482
JXNU/word_embedding+RNN	432	0.179564	340
JXNU/word_embedding+RNN	433	0.155658	268
JXNU/word_embedding+RNN	434	0.130959	195
JXNU/word_embedding+RNN	435	0.246607	575
JXNU/word_embedding+RNN	436	0.354102	929
JXNU/word_embedding+RNN	437	0.307937	792
JXNU/word_embedding+RNN	438	0.338306	891
JXNU/word_embedding+RNN	439	0.192259	381
JXNU/word_embedding+RNN	440	0.281367	694
JXNU/word_embedding+RNN	441	0.375686	960
JXNU/word_embedding+RNN	442	0.418958	998
JXNU/word_embedding+RNN	443	0.336007	884
JXNU/word_embedding+RNN	444	0.327646	857
JXNU/word_embedding+RNN	445	0.287517	716
JXNU/word_embedding+RNN	446	0.403581	992
JXNU/word_embedding+RNN	447	0.287709	717
JXNU/word_embedding+RNN	448	0.166009	299
JXNU/word_embedding+RNN	449	0.378742	963
JXNU/word_embedding+RNN	450	0.235353	534
JXNU/word_embedding+RNN	451	0.230661	523
JXNU/word_embedding+RNN	452	0.056833	33
JXNU/word_embedding+RNN	453	0.337892	889
JXNU/word_embedding+RNN	454	0.138016	217
JXNU/word_embedding+RNN	455	0.022820	1
JXNU/word_embedding+RNN	456	0.175590	329
JXNU/word_embedding+RNN	457	0.077586	73
JXNU/word_embedding+RNN	458	0.229547	517
JXNU/word_embedding+RNN	459	0.391521	985
JXNU/word_embedding+RNN	460	0.163267	293
JXNU/word_embedding+RNN	461	0.052404	23
JXNU/word_embedding+RNN	462	0.129179	191
JXNU/word_embedding+RNN	463	0.335360	881
JXNU/word_embedding+RNN	464	0.236235	537
JXNU/word_embedding+RNN	465	0.230564	522
JXNU/word_embedding+RNN	466	0.280270	689
JXNU/word_embedding+RNN	467	0.363379	949
JXNU/word_embedding+RNN	468	0.073383	65
JXNU/word_embedding+RNN	469	0.248203	590
JXNU/word_embedding+RNN	470	0.174926	328
JXNU/word_embedding+RNN	471	0.251000	603
JXNU/word_embedding+RNN	472	0.267380	645
JXNU/word_embedding+RNN	473	0.258897	624
JXNU/word_embedding+RNN	474	0.130942	194
JXNU/word_embedding+RNN	475	0.197491	400
JXNU/word_embedding+RNN	476	0.386790	974
JXNU/word_embedding+RNN	477	0.158751	280
JXNU/word_embedding+RNN	478	0.189130	368
JXNU/word_embedding+RNN	479	0.209045	448
JXNU/word_embedding+RNN	480	0.318064	827
JXNU/word_embedding+RNN	481	0.313772	811
JXNU/word_embedding+RNN	482	0.245156	569
JXNU/word_embedding+RNN	483	0.239928	551
JXNU/word_embedding+RNN	484	0.108873	130
JXNU/word_embedding+RNN	485	0.273674	660
JXNU/word_embedding+RNN	486	0.292191	736
JXNU/word_embedding+RNN	487	0.100337	115
JXNU/word_embedding+RNN	488	0.283770	703
JXNU/word_embedding+RNN	489	0.239047	544
JXNU/word_embedding+RNN	490	0.171374	313
JXNU/word_embedding+RNN	491	0.382373	967
JXNU/word_embedding+RNN	492	0.258080	622
JXNU/word_embedding+RNN	493	0.382858	969
JXNU/word_embedding+RNN	494	0.356330	933
JXNU/word_embedding+RNN	495	0.258600	623
JXNU/word_embedding+RNN	496	0.284228	706
JXNU/word_embedding+RNN	497	0.154775	266
JXNU/word_embedding+RNN	498	0.317343	824
JXNU/word_embedding+RNN	499	0.380182	965
JXNU/word_embedding+RNN	500	0.352587	927
JXNU/word_embedding+RNN	501	0.142168	230
JXNU/word_embedding+RNN	502	0.131324	198
JXNU/word_embedding+RNN	503	0.191454	376
JXNU/word_embedding+RNN	504	0.340423	898
JXNU/word_embedding+RNN	505	0.346012	915
JXNU/word_embedding+RNN	506	0.125289	175
JXNU/word_embedding+RNN	507	0.319442	833
JXNU/word_embedding+RNN	508	0.384229	972
JXNU/word_embedding+RNN	509	0.203951	431
JXNU/word_embedding+RNN	510	0.096791	109
JXNU/word_embedding+RNN	511	0.136767	214
JXNU/word_embedding+RNN	512	0.142685	232
JXNU/word_embedding+RNN	513	0.240033	553
JXNU/word_embedding+RNN	514	0.249330	592
JXNU/word_embedding+RNN	515	0.329515	865
JXNU/word_embedding+RNN	516	0.255179	616
JXNU/word_embedding+RNN	517	0.296822	750
JXNU/word_embedding+RNN	518	0.200232	414
JXNU/word_embedding+RNN	519	0.255165	615
JXNU/word_embedding+RNN	520	0.298428	757
JXNU/word_embedding+RNN	521	0.151017	253
JXNU/word_embedding+RNN	522	0.137079	215
JXNU/word_embedding+RNN	523	0.156006	270
JXNU/word_embedding+RNN	524	0.311276	801
JXNU/word_embedding+RNN	525	0.209329	449
JXNU/word_embedding+RNN	526	0.210881	453
JXNU/word_embedding+RNN	527	0.085748	84
JXNU/word_embedding+RNN	528	0.383714	971
JXNU/word_embedding+RNN	529	0.238245	542
JXNU/word_embedding+RNN	530	0.296454	749
JXNU/word_embedding+RNN	531	0.135055	206
JXNU/word_embedding+RNN	532	0.343441	907
JXNU/word_embedding+RNN	533	0.202556	424
JXNU/word_embedding+RNN	534	0.033393	6
JXNU/word_embedding+RNN	535	0.178594	336
JXNU/word_embedding+RNN	536	0.193126	385
JXNU/word_embedding+RNN	537	0.247408	580
JXNU/word_embedding+RNN	538	0.026212	2
JXNU/word_embedding+RNN	539	0.345605	913
JXNU/word_embedding+RNN	540	0.250397	598
JXNU/word_embedding+RNN	541	0.114409	151
JXNU/word_embedding+RNN	542	0.256327	619
JXNU/word_embedding+RNN	543	0.252036	609
JXNU/word_embedding+RNN	544	0.103575	119
JXNU/word_embedding+RNN	545	0.218425	479
JXNU/word_embedding+RNN	546	0.223656	501
JXNU/word_embedding+RNN	547	0.214028	465
JXNU/word_embedding+RNN	548	0.178091	334
JXNU/word_embedding+RNN	549	0.113588	148
JXNU/word_embedding+RNN	550	0.176381	330
JXNU/word_embedding+RNN	551	0.291163	726
JXNU/word_embedding+RNN	552	0.159477	281
JXNU/word_embedding+RNN	553	0.242934	560
JXNU/word_embedding+RNN	554	0.206745	437
JXNU/word_embedding+RNN	555	0.204991	433
JXNU/word_embedding+RNN	556	0.186257	355
JXNU/word_embedding+RNN	557	0.280477	690
JXNU/word_embedding+RNN	558	0.172900	318
JXNU/word_embedding+RNN	559	0.218405	478
JXNU/word_embedding+RNN	560	0.325608	854
JXNU/word_embedding+RNN	561	0.321533	840
JXNU/word_embedding+RNN	562	0.168786	303
JXNU/word_embedding+RNN	563	0.195413	392
JXNU/word_embedding+RNN	564	0.275039	667
JXNU/word_embedding+RNN	565	0.305700	785
JXNU/word_embedding+RNN	566	0.081012	76
JXNU/word_embedding+RNN	567	0.174779	327
JXNU/word_embedding+RNN	568	0.202395	423
JXNU/word_embedding+RNN	569	0.298517	758
JXNU/word_embedding+RNN	570	0.210919	456
JXNU/word_embedding+RNN	571	0.357382	936
JXNU/word_embedding+RNN	572	0.318285	830
JXNU/word_embedding+RNN	573	0.413522	995
JXNU/word_embedding+RNN	574	0.155881	269
JXNU/word_embedding+RNN	575	0.048840	18
JXNU/word_embedding+RNN	576	0.093820	102
JXNU/word_embedding+RNN	577	0.271596	655
JXNU/word_embedding+RNN	578	0.328444	860
JXNU/word_embedding+RNN	579	0.309845	795
JXNU/word_embedding+RNN	580	0.073002	62
JXNU/word_embedding+RNN	581	0.267124	642
JXNU/word_embedding+RNN	582	0.298139	756
JXNU/word_embedding+RNN	583	0.178278	335
JXNU/word_embedding+RNN	584	0.416896	997
JXNU/word_embedding+RNN	585	0.279829	683
JXNU/word_embedding+RNN	586	0.291579	731
JXNU/word_embedding+RNN	587	0.207253	441
JXNU/word_embedding+RNN	588	0.113493	147
JXNU/word_embedding+RNN	589	0.125548	177
JXNU/word_embedding+RNN	590	0.230777	524
JXNU/word_embedding+RNN	591	0.212233	458
JXNU/word_embedding+RNN	592	0.252970	612
JXNU/word_embedding+RNN	593	0.189916	370
JXNU/word_embedding+RNN	594	0.309848	796
JXNU/word_embedding+RNN	595	0.172877	317
JXNU/word_embedding+RNN	596	0.345494	912
JXNU/word_embedding+RNN	597	0.173924	324
JXNU/word_embedding+RNN	598	0.131211	196
JXNU/word_embedding+RNN	599	0.068514	50
JXNU/word_embedding+RNN	600	0.294862	745
JXNU/word_embedding+RNN	601	0.168981	304
JXNU/word_embedding+RNN	602	0.366060	951
JXNU/word_embedding+RNN	603	0.297494	752
JXNU/word_embedding+RNN	604	0.315911	818
JXNU/word_embedding+RNN	605	0.079621	75
JXNU/word_embedding+RNN	606	0.152680	258
JXNU/word_embedding+RNN	607	0.088792	87
JXNU/word_embedding+RNN	608	0.223611	499
JXNU/word_embedding+RNN	609	0.093636	101
JXNU/word_embedding+RNN	610	0.228310	514
JXNU/word_embedding+RNN	611	0.349884	924
JXNU/word_embedding+RNN	612	0.247340	579
JXNU/word_embedding+RNN	613	0.043229	15
JXNU/word_embedding+RNN	614	0.180194	342
JXNU/word_embedding+RNN	615	0.277168	676
JXNU/word_embedding+RNN	616	0.215250	469
JXNU/word_embedding+RNN	617	0.282802	699
JXNU/word_embedding+RNN	618	0.164923	296
JXNU/word_embedding+RNN	619	0.207544	442
JXNU/word_embedding+RNN	620	0.279984	687
JXNU/word_embedding+RNN	621	0.247926	585
JXNU/word_embedding+RNN	622	0.227943	512
JXNU/word_embedding+RNN	623	0.077571	72
JXNU/word_embedding+RNN	624	0.279923	686
JXNU/word_embedding+RNN	625	0.304845	781
JXNU/word_embedding+RNN	626	0.036381	8
JXNU/word_embedding+RNN	627	0.146030	239
JXNU/word_embedding+RNN	628	0.396445	990
JXNU/word_embedding+RNN	629	0.330160	871
JXNU/word_embedding+RNN	630	0.111808	143
JXNU/word_embedding+RNN	631	0.302441	773
JXNU/word_embedding+RNN	632	0.274278	666
JXNU/word_embedding+RNN	633	0.173697	320
JXNU/word_embedding+RNN	634	0.339931	896
JXNU/word_embedding+RNN	635	0.170246	308
JXNU/word_embedding+RNN	636	0.215950	471
JXNU/word_embedding+RNN	637	0.164951	297
JXNU/word_embedding+RNN	638	0.222209	489
JXNU/word_embedding+RNN	639	0.207910	444
JXNU/word_embedding+RNN	640	0.150204	250
JXNU/word_embedding+RNN	641	0.388992	980
JXNU/word_embedding+RNN	642	0.353911	928
JXNU/word_embedding+RNN	643	0.260794	628
JXNU/word_embedding+RNN	644	0.170576	310
JXNU/word_embedding+RNN	645	0.037323	10
JXNU/word_embedding+RNN	646	0.127105	185
JXNU/word_embedding+RNN	647	0.123267	170
JXNU/word_embedding+RNN	648	0.332687	877
JXNU/word_embedding+RNN	649	0.311529	804
JXNU/word_embedding+RNN	650	0.059743	41
JXNU/word_embedding+RNN	651	0.200721	417
JXNU/word_embedding+RNN	652	0.104992	126
JXNU/word_embedding+RNN	653	0.152493	257
JXNU/word_embedding+RNN	654	0.231389	526
JXNU/word_embedding+RNN	655	0.108954	131
JXNU/word_embedding+RNN	656	0.211271	457
JXNU/word_embedding+RNN	657	0.114080	150
JXNU/word_embedding+RNN	658	0.199978	413
JXNU/word_embedding+RNN	659	0.323518	847
JXNU/word_embedding+RNN	660	0.056984	34
JXNU/word_embedding+RNN	661	0.201017	421
JXNU/word_embedding+RNN	662	0.138262	218
JXNU/word_embedding+RNN	663	0.319695	834
JXNU/word_embedding+RNN	664	0.206783	438
JXNU/word_embedding+RNN	665	0.267260	643
JXNU/word_embedding+RNN	666	0.313537	810
JXNU/word_embedding+RNN	667	0.213514	463
JXNU/word_embedding+RNN	668	0.223127	497
JXNU/word_embedding+RNN	669	0.149711	248
JXNU/word_embedding+RNN	670	0.128995	189
JXNU/word_embedding+RNN	671	0.244610	567
JXNU/word_embedding+RNN	672	0.329826	869
JXNU/word_embedding+RNN	673	0.030271	5
JXNU/word_embedding+RNN	674	0.050973	20
JXNU/word_embedding+RNN	675	0.109917	136
JXNU/word_embedding+RNN	676	0.295064	746
JXNU/word_embedding+RNN	677	0.234625	533
JXNU/word_embedding+RNN	678	0.122758	168
JXNU/word_embedding+RNN	679	0.305390	782
JXNU/word_embedding+RNN	680	0.205230	434
JXNU/word_embedding+RNN	681	0.095487	105
JXNU/word_embedding+RNN	682	0.289476	719
JXNU/word_embedding+RNN	683	0.143636	237
JXNU/word_embedding+RNN	684	0.389340	982
JXNU/word_embedding+RNN	685	0.298818	759
JXNU/word_embedding+RNN	686	0.282406	698
JXNU/word_embedding+RNN	687	0.320672	837
JXNU/word_embedding+RNN	688	0.099784	114
JXNU/word_embedding+RNN	689	0.192639	383
JXNU/word_embedding+RNN	690	0.160438	285
JXNU/word_embedding+RNN	691	0.128840	188
JXNU/word_embedding+RNN	692	0.239317	547
JXNU/word_embedding+RNN	693	0.302549	774
JXNU/word_embedding+RNN	694	0.267293	644
JXNU/word_embedding+RNN	695	0.300355	764
JXNU/word_embedding+RNN	696	0.329179	862
JXNU/word_embedding+RNN	697	0.301985	772
JXNU/word_embedding+RNN	698	0.352456	926
JXNU/word_embedding+RNN	699	0.052421	24
JXNU/word_embedding+RNN	700	0.318166	829
JXNU/word_embedding+RNN	701	0.239206	546
JXNU/word_embedding+RNN	702	0.285170	708
JXNU/word_embedding+RNN	703	0.286664	713
JXNU/word_embedding+RNN	704	0.275698	671
JXNU/word_embedding+RNN	705	0.313479	809
JXNU/word_embedding+RNN	706	0.222886	494
JXNU/word_embedding+RNN	707	0.359891	938
JXNU/word_embedding+RNN	708	0.055273	31
JXNU/word_embedding+RNN	709	0.291634	732
JXNU/word_embedding+RNN	710	0.072299	60
JXNU/word_embedding+RNN	711	0.209008	447
JXNU/word_embedding+RNN	712	0.325991	855
JXNU/word_embedding+RNN	713	0.140797	228
JXNU/word_embedding+RNN	714	0.360424	939
JXNU/word_embedding+RNN	715	0.276499	673
JXNU/word_embedding+RNN	716	0.241243	556
JXNU/word_embedding+RNN	717	0.287055	714
JXNU/word_embedding+RNN	718	0.200308	415
JXNU/word_embedding+RNN	719	0.042541	14
JXNU/word_embedding+RNN	720	0.294009	741
JXNU/word_embedding+RNN	721	0.293774	740
JXNU/word_embedding+RNN	722	0.383641	970
JXNU/word_embedding+RNN	723	0.091677	94
JXNU/word_embedding+RNN	724	0.092151	95
JXNU/word_embedding+RNN	725	0.184426	352
JXNU/word_embedding+RNN	726	0.299294	762
JXNU/word_embedding+RNN	727	0.255599	618
JXNU/word_embedding+RNN	728	0.126106	179
JXNU/word_embedding+RNN	729	0.053669	28
JXNU/word_embedding+RNN	730	0.292066	735
JXNU/word_embedding+RNN	731	0.102322	117
JXNU/word_embedding+RNN	732	0.251365	605
JXNU/word_embedding+RNN	733	0.221898	488
JXNU/word_embedding+RNN	734	0.339779	894
JXNU/word_embedding+RNN	735	0.275409	669
JXNU/word_embedding+RNN	736	0.117525	156
JXNU/word_embedding+RNN	737	0.308775	794
JXNU/word_embedding+RNN	738	0.222927	495
JXNU/word_embedding+RNN	739	0.290379	721
JXNU/word_embedding+RNN	740	0.200943	420
JXNU/word_embedding+RNN	741	0.312542	807
JXNU/word_embedding+RNN	742	0.052192	22
JXNU/word_embedding+RNN	743	0.276113	672
JXNU/word_embedding+RNN	744	0.250602	601
JXNU/word_embedding+RNN	745	0.228333	515
JXNU/word_embedding+RNN	746	0.266232	637
JXNU/word_embedding+RNN	747	0.255340	617
JXNU/word_embedding+RNN	748	0.291408	729
JXNU/word_embedding+RNN	749	0.222736	493
JXNU/word_embedding+RNN	750	0.170237	307
JXNU/word_embedding+RNN	751	0.281423	696
JXNU/word_embedding+RNN	752	0.088982	89
JXNU/word_embedding+RNN	753	0.229553	518
JXNU/word_embedding+RNN	754	0.273882	663
JXNU/word_embedding+RNN	755	0.215481	470
JXNU/word_embedding+RNN	756	0.343333	906
JXNU/word_embedding+RNN	757	0.232598	529
JXNU/word_embedding+RNN	758	0.286282	712
JXNU/word_embedding+RNN	759	0.124742	173
JXNU/word_embedding+RNN	760	0.120713	164
JXNU/word_embedding+RNN	761	0.232006	527
JXNU/word_embedding+RNN	762	0.251286	604
JXNU/word_embedding+RNN	763	0.152734	260
JXNU/word_embedding+RNN	764	0.247923	584
JXNU/word_embedding+RNN	765	0.148586	247
JXNU/word_embedding+RNN	766	0.338876	892
JXNU/word_embedding+RNN	767	0.153006	263
JXNU/word_embedding+RNN	768	0.337607	888
JXNU/word_embedding+RNN	769	0.196937	398
JXNU/word_embedding+RNN	770	0.212725	461
JXNU/word_embedding+RNN	771	0.161499	288
JXNU/word_embedding+RNN	772	0.348209	922
JXNU/word_embedding+RNN	773	0.260208	626
JXNU/word_embedding+RNN	774	0.148456	245
JXNU/word_embedding+RNN	775	0.181118	343
JXNU/word_embedding+RNN	776	0.111318	142
JXNU/word_embedding+RNN	777	0.203147	427
JXNU/word_embedding+RNN	778	0.313894	812
JXNU/word_embedding+RNN	779	0.305472	784
JXNU/word_embedding+RNN	780	0.244600	566
JXNU/word_embedding+RNN	781	0.135128	208
JXNU/word_embedding+RNN	782	0.291070	725
JXNU/word_embedding+RNN	783	0.070119	56
JXNU/word_embedding+RNN	784	0.190227	372
JXNU/word_embedding+RNN	785	0.142561	231
JXNU/word_embedding+RNN	786	0.317043	823
JXNU/word_embedding+RNN	787	0.286054	711
JXNU/word_embedding+RNN	788	0.333494	880
JXNU/word_embedding+RNN	789	0.306569	789
JXNU/word_embedding+RNN	790	0.387786	976
JXNU/word_embedding+RNN	791	0.111080	141
JXNU/word_embedding+RNN	792	0.163224	292
JXNU/word_embedding+RNN	793	0.095513	106
JXNU/word_embedding+RNN	794	0.294850	743
JXNU/word_embedding+RNN	795	0.137611	216
JXNU/word_embedding+RNN	796	0.291329	728
JXNU/word_embedding+RNN	797	0.272915	657
JXNU/word_embedding+RNN	798	0.317971	826
JXNU/word_embedding+RNN	799	0.196861	397
JXNU/word_embedding+RNN	800	0.073288	63
JXNU/word_embedding+RNN	801	0.345834	914
JXNU/word_embedding+RNN	802	0.236350	538
JXNU/word_embedding+RNN	803	0.127778	186
JXNU/word_embedding+RNN	804	0.388895	979
JXNU/word_embedding+RNN	805	0.191558	378
JXNU/word_embedding+RNN	806	0.222511	490
JXNU/word_embedding+RNN	807	0.099433	113
JXNU/word_embedding+RNN	808	0.388606	978
JXNU/word_embedding+RNN	809	0.388077	977
JXNU/word_embedding+RNN	810	0.250768	602
JXNU/word_embedding+RNN	811	0.126239	182
JXNU/word_embedding+RNN	812	0.324391	852
JXNU/word_embedding+RNN	813	0.207645	443
JXNU/word_embedding+RNN	814	0.409338	993
JXNU/word_embedding+RNN	815	0.198947	407
JXNU/word_embedding+RNN	816	0.103840	121
JXNU/word_embedding+RNN	817	0.366770	952
JXNU/word_embedding+RNN	818	0.272205	656
JXNU/word_embedding+RNN	819	0.057584	36
JXNU/word_embedding+RNN	820	0.330024	870
JXNU/word_embedding+RNN	821	0.199848	411
JXNU/word_embedding+RNN	822	0.323209	845
JXNU/word_embedding+RNN	823	0.336719	886
JXNU/word_embedding+RNN	824	0.203328	429
JXNU/word_embedding+RNN	825	0.152798	261
JXNU/word_embedding+RNN	826	0.251646	607
JXNU/word_embedding+RNN	827	0.215038	467
JXNU/word_embedding+RNN	828	0.277452	677
JXNU/word_embedding+RNN	829	0.341203	902
JXNU/word_embedding+RNN	830	0.138956	220
JXNU/word_embedding+RNN	831	0.177120	331
JXNU/word_embedding+RNN	832	0.196117	394
JXNU/word_embedding+RNN	833	0.243666	562
JXNU/word_embedding+RNN	834	0.061771	44
JXNU/word_embedding+RNN	835	0.104812	123
JXNU/word_embedding+RNN	836	0.222985	496
JXNU/word_embedding+RNN	837	0.401411	991
JXNU/word_embedding+RNN	838	0.110598	138
JXNU/word_embedding+RNN	839	0.274273	665
JXNU/word_embedding+RNN	840	0.156605	273
JXNU/word_embedding+RNN	841	0.119232	161
JXNU/word_embedding+RNN	842	0.206908	439
JXNU/word_embedding+RNN	843	0.318813	832
JXNU/word_embedding+RNN	844	0.110972	140
JXNU/word_embedding+RNN	845	0.276660	674
JXNU/word_embedding+RNN	846	0.234164	532
JXNU/word_embedding+RNN	847	0.146501	241
JXNU/word_embedding+RNN	848	0.322669	844
JXNU/word_embedding+RNN	849	0.269154	651
JXNU/word_embedding+RNN	850	0.213236	462
JXNU/word_embedding+RNN	851	0.343016	905
JXNU/word_embedding+RNN	852	0.275071	668
JXNU/word_embedding+RNN	853	0.381445	966
JXNU/word_embedding+RNN	854	0.351183	925
JXNU/word_embedding+RNN	855	0.238176	541
JXNU/word_embedding+RNN	856	0.269438	652
JXNU/word_embedding+RNN	857	0.206966	440
JXNU/word_embedding+RNN	858	0.216532	475
JXNU/word_embedding+RNN	859	0.089129	90
JXNU/word_embedding+RNN	860	0.068530	51
JXNU/word_embedding+RNN	861	0.103518	118
JXNU/word_embedding+RNN	862	0.193089	384
JXNU/word_embedding+RNN	863	0.171318	312
JXNU/word_embedding+RNN	864	0.214428	466
JXNU/word_embedding+RNN	865	0.210896	455
JXNU/word_embedding+RNN	866	0.426971	1000
JXNU/word_embedding+RNN	867	0.126226	181
JXNU/word_embedding+RNN	868	0.055119	29
JXNU/word_embedding+RNN	869	0.308557	793
JXNU/word_embedding+RNN	870	0.115116	152
JXNU/word_embedding+RNN	871	0.287138	715
JXNU/word_embedding+RNN	872	0.300318	763
JXNU/word_embedding+RNN	873	0.247990	586
JXNU/word_embedding+RNN	874	0.196548	396
JXNU/word_embedding+RNN	875	0.237841	540
JXNU/word_embedding+RNN	876	0.319757	835
JXNU/word_embedding+RNN	877	0.298098	755
JXNU/word_embedding+RNN	878	0.236415	539
JXNU/word_embedding+RNN	879	0.050482	19
JXNU/word_embedding+RNN	880	0.257877	621
JXNU/word_embedding+RNN	881	0.362675	945
JXNU/word_embedding+RNN	882	0.321660	841
JXNU/word_embedding+RNN	883	0.239909	550
JXNU/word_embedding+RNN	884	0.412030	994
JXNU/word_embedding+RNN	885	0.210673	451
JXNU/word_embedding+RNN	886	0.165844	298
JXNU/word_embedding+RNN	887	0.134257	204
JXNU/word_embedding+RNN	888	0.280717	691
JXNU/word_embedding+RNN	889	0.085482	81
JXNU/word_embedding+RNN	890	0.375392	958
JXNU/word_embedding+RNN	891	0.245333	570
JXNU/word_embedding+RNN	892	0.085486	82
JXNU/word_embedding+RNN	893	0.249393	594
JXNU/word_embedding+RNN	894	0.395102	989
JXNU/word_embedding+RNN	895	0.248123	587
JXNU/word_embedding+RNN	896	0.378160	962
JXNU/word_embedding+RNN	897	0.060197	42
JXNU/word_embedding+RNN	898	0.247233	578
JXNU/word_embedding+RNN	899	0.220929	486
JXNU/word_embedding+RNN	900	0.283062	700
JXNU/word_embedding+RNN	901	0.335473	882
JXNU/word_embedding+RNN	902	0.092457	97
JXNU/word_embedding+RNN	903	0.301885	771
JXNU/word_embedding+RNN	904	0.220938	487
JXNU/word_embedding+RNN	905	0.328067	858
JXNU/word_embedding+RNN	906	0.109664	134
JXNU/word_embedding+RNN	907	0.321904	842
JXNU/word_embedding+RNN	908	0.062175	45
JXNU/word_embedding+RNN	909	0.043622	16
JXNU/word_embedding+RNN	910	0.280988	692
JXNU/word_embedding+RNN	911	0.142719	233
JXNU/word_embedding+RNN	912	0.061650	43
JXNU/word_embedding+RNN	913	0.154876	267
JXNU/word_embedding+RNN	914	0.250536	600
JXNU/word_embedding+RNN	915	0.172159	314
JXNU/word_embedding+RNN	916	0.246682	576
JXNU/word_embedding+RNN	917	0.104861	124
JXNU/word_embedding+RNN	918	0.291463	730
JXNU/word_embedding+RNN	919	0.077477	71
JXNU/word_embedding+RNN	920	0.201145	422
JXNU/word_embedding+RNN	921	0.109622	133
JXNU/word_embedding+RNN	922	0.197669	401
JXNU/word_embedding+RNN	923	0.190352	373
JXNU/word_embedding+RNN	924	0.152101	256
JXNU/word_embedding+RNN	925	0.192636	382
JXNU/word_embedding+RNN	926	0.094035	103
JXNU/word_embedding+RNN	927	0.307916	791
JXNU/word_embedding+RNN	928	0.316983	822
JXNU/word_embedding+RNN	929	0.112049	145
JXNU/word_embedding+RNN	930	0.067120	49
JXNU/word_embedding+RNN	931	0.311510	803
JXNU/word_embedding+RNN	932	0.151099	254
JXNU/word_embedding+RNN	933	0.279187	681
JXNU/word_embedding+RNN	934	0.375465	959
JXNU/word_embedding+RNN	935	0.304814	780
JXNU/word_embedding+RNN	936	0.291721	733
JXNU/word_embedding+RNN	937	0.301654	769
JXNU/word_embedding+RNN	938	0.186267	356
JXNU/word_embedding+RNN	939	0.174762	326
JXNU/word_embedding+RNN	940	0.362545	944
JXNU/word_embedding+RNN	941	0.182350	346
JXNU/word_embedding+RNN	942	0.226123	509
JXNU/word_embedding+RNN	943	0.290680	722
JXNU/word_embedding+RNN	944	0.120951	165
JXNU/word_embedding+RNN	945	0.177224	333
JXNU/word_embedding+RNN	946	0.092909	99
JXNU/word_embedding+RNN	947	0.306108	786
JXNU/word_embedding+RNN	948	0.212453	460
JXNU/word_embedding+RNN	949	0.225813	508
JXNU/word_embedding+RNN	950	0.223982	503
JXNU/word_embedding+RNN	951	0.222643	492
JXNU/word_embedding+RNN	952	0.187634	361
JXNU/word_embedding+RNN	953	0.323661	848
JXNU/word_embedding+RNN	954	0.226358	510
JXNU/word_embedding+RNN	955	0.115780	153
JXNU/word_embedding+RNN	956	0.332833	878
JXNU/word_embedding+RNN	957	0.143510	236
JXNU/word_embedding+RNN	958	0.112236	146
JXNU/word_embedding+RNN	959	0.041876	13
JXNU/word_embedding+RNN	960	0.126807	184
JXNU/word_embedding+RNN	961	0.094051	104
JXNU/word_embedding+RNN	962	0.178627	337
JXNU/word_embedding+RNN	963	0.345031	909
JXNU/word_embedding+RNN	964	0.124965	174
JXNU/word_embedding+RNN	965	0.390124	984
JXNU/word_embedding+RNN	966	0.208178	445
JXNU/word_embedding+RNN	967	0.133010	203
JXNU/word_embedding+RNN	968	0.152808	262
JXNU/word_embedding+RNN	969	0.285010	707
JXNU/word_embedding+RNN	970	0.309949	797
JXNU/word_embedding+RNN	971	0.278429	680
JXNU/word_embedding+RNN	972	0.053442	27
JXNU/word_embedding+RNN	973	0.272987	658
JXNU/word_embedding+RNN	974	0.356292	932
JXNU/word_embedding+RNN	975	0.198054	403
JXNU/word_embedding+RNN	976	0.361278	942
JXNU/word_embedding+RNN	977	0.146762	243
JXNU/word_embedding+RNN	978	0.311246	800
JXNU/word_embedding+RNN	979	0.057176	35
JXNU/word_embedding+RNN	980	0.331619	875
JXNU/word_embedding+RNN	981	0.241553	558
JXNU/word_embedding+RNN	982	0.199158	408
JXNU/word_embedding+RNN	983	0.273761	661
JXNU/word_embedding+RNN	984	0.183422	349
JXNU/word_embedding+RNN	985	0.223632	500
JXNU/word_embedding+RNN	986	0.055550	32
JXNU/word_embedding+RNN	987	0.161877	289
JXNU/word_embedding+RNN	988	0.073306	64
JXNU/word_embedding+RNN	989	0.046398	17
JXNU/word_embedding+RNN	990	0.330975	873
JXNU/word_embedding+RNN	991	0.244571	565
JXNU/word_embedding+RNN	992	0.210888	454
JXNU/word_embedding+RNN	993	0.064869	48
JXNU/word_embedding+RNN	994	0.335629	883
JXNU/word_embedding+RNN	995	0.329807	868
JXNU/word_embedding+RNN	996	0.266485	639
JXNU/word_embedding+RNN	997	0.183812	350
JXNU/word_embedding+RNN	998	0.323243	846
JXNU/word_embedding+RNN	999	0.300883	767
JXNU/word_embedding+RNN	1000	0.296109	748
